C1,C2,C3
China,Best University,SU
China,Best University,SU
China,Best University,Zhejiang University
China,Best University,Zhejiang University
China,Best University,Zhejiang University
China,Best University,Zhejiang University
China,Best University,Zhejiang University
China,Best University,Zhejiang University
China,Best University,Zhejiang University
China,Best University,Zhejiang University
China,Best University,Zhejiang University
China,Best University,Zhejiang University
China,Best University,Zhejiang University
China,Best University,Zhejiang University
China,Best University,Zhejiang University
China,Best University,Zhejiang University
